-- MySQL dump 10.13  Distrib 5.5.40, for debian-linux-gnu (x86_64)
--
-- Host: localhost    Database: traffic
-- ------------------------------------------------------
-- Server version	5.5.40-0ubuntu0.14.04.1

/*!40101 SET @OLD_CHARACTER_SET_CLIENT=@@CHARACTER_SET_CLIENT */;
/*!40101 SET @OLD_CHARACTER_SET_RESULTS=@@CHARACTER_SET_RESULTS */;
/*!40101 SET @OLD_COLLATION_CONNECTION=@@COLLATION_CONNECTION */;
/*!40101 SET NAMES utf8 */;
/*!40103 SET @OLD_TIME_ZONE=@@TIME_ZONE */;
/*!40103 SET TIME_ZONE='+00:00' */;
/*!40014 SET @OLD_UNIQUE_CHECKS=@@UNIQUE_CHECKS, UNIQUE_CHECKS=0 */;
/*!40014 SET @OLD_FOREIGN_KEY_CHECKS=@@FOREIGN_KEY_CHECKS, FOREIGN_KEY_CHECKS=0 */;
/*!40101 SET @OLD_SQL_MODE=@@SQL_MODE, SQL_MODE='NO_AUTO_VALUE_ON_ZERO' */;
/*!40111 SET @OLD_SQL_NOTES=@@SQL_NOTES, SQL_NOTES=0 */;

--
-- Table structure for table `feature`
--

DROP TABLE IF EXISTS `feature`;
/*!40101 SET @saved_cs_client     = @@character_set_client */;
/*!40101 SET character_set_client = utf8 */;
CREATE TABLE `feature` (
  `time` varchar(25) NOT NULL DEFAULT '',
  `packageNum` varchar(40) DEFAULT NULL,
  `trafficNum` varchar(40) DEFAULT NULL,
  `fragment` varchar(20) DEFAULT NULL,
  `ack` varchar(20) DEFAULT NULL,
  `syn` varchar(20) DEFAULT NULL,
  `fin` varchar(20) DEFAULT NULL,
  `syn_ack` varchar(20) DEFAULT NULL,
  PRIMARY KEY (`time`)
) ENGINE=InnoDB DEFAULT CHARSET=latin1;
/*!40101 SET character_set_client = @saved_cs_client */;

--
-- Dumping data for table `feature`
--

LOCK TABLES `feature` WRITE;
/*!40000 ALTER TABLE `feature` DISABLE KEYS */;
INSERT INTO `feature` VALUES ('20061229095559','17807','5027951','2','8134','2430','858','642'),('20061229095600','67086','18436318','19','30267','9384','2929','2308'),('20061229095601','25815','7387200','5','11744','3505','1148','844'),('20061229095602','68858','19676846','7','31598','9319','3002','2338'),('20061229095603','70180','20418344','2','31694','9807','3023','2343'),('20061229095604','70783','20047015','11','32414','9554','3008','2589'),('20061229095605','68922','19334371','12','31359','9585','3093','2359'),('20061229095606','70555','20021324','16','32219','9707','3114','2385'),('20061229095607','69612','20161288','5','31330','9359','2968','2529'),('20061229095608','68523','19644164','4','31178','9346','2914','2316'),('20061229095609','68611','19616211','25','31053','9396','3040','2280'),('20061229095610','66987','18630781','18','30197','9332','2853','2285'),('20061229095611','69385','19548510','19','31461','9672','3056','2235'),('20061229095612','69083','19278505','19','31099','9751','3145','2225'),('20061229095613','69702','19894503','17','31718','9624','3108','2270'),('20061229095614','68511','18728251','17','30716','9655','2943','2196'),('20061229095615','67052','18797684','13','30359','9487','2906','2158'),('20061229095616','69652','19242077','23','31277','9710','3076','2352'),('20061229095617','49809','13931641','7','22272','6945','2141','1628'),('20061229095618','69066','19478834','8','31571','9602','2991','2240'),('20061229095619','69032','19084199','22','31549','9582','3024','2349'),('20061229095620','67653','18872418','11','30542','9605','2942','2257'),('20061229095621','68824','19650680','21','30937','9718','2833','2277'),('20061229095622','70397','19449785','10','31897','9928','3027','2263'),('20061229095623','69098','19691465','7','31262','9705','3042','2225'),('20061229095624','69034','19486607','6','31360','9714','2877','2265'),('20061229095625','64308','18233567','18','28669','9020','2718','2105'),('20061229095626','69918','19526989','12','31296','10107','3045','2327'),('20061229095627','70793','19911103','8','32104','9564','3003','2414'),('20061229095628','69690','19269854','9','31924','9504','3046','2322'),('20061229095629','70136','19506898','4','31804','9488','2955','2242'),('20061229095630','65401','18365811','4','29465','9159','2873','2147'),('20061229095631','70000','19560413','5','31397','10056','3039','2371'),('20061229095632','69039','18803430','3','30671','9814','2991','2282'),('20061229095633','68417','19017744','7','30767','9634','2995','2210'),('20061229095634','69504','19489483','15','31064','9629','3045','2343'),('20061229095635','65012','18012271','8','28858','9267','2784','2216'),('20061229095636','69328','19163093','10','31214','9590','2968','2296'),('20061229095637','69601','19463412','7','30998','9586','2994','2256'),('20061229095638','66134','18684162','11','29769','8944','2956','2236'),('20061229095639','68751','19369398','15','30839','9439','2958','2190'),('20061229095640','66569','18388535','16','29560','9260','2856','2222'),('20061229095641','68325','18987725','10','30645','9518','3030','2173'),('20061229095642','48830','13490091','15','21708','6537','2143','1600'),('20061229095643','67779','18560741','15','30213','9464','2882','2306'),('20061229095644','67893','18698386','13','30037','9383','2943','2285'),('20061229095645','49468','13802601','0','22011','6937','2015','1596'),('20061229095646','67706','18464576','7','30120','9590','2998','2193'),('20061229095647','68976','19090821','7','31033','9855','3079','2224'),('20061229095648','68760','18925160','7','30889','9652','3019','2276'),('20061229095649','69139','19226115','10','30876','9631','3046','2283'),('20061229095650','65398','17994078','9','29208','9145','2888','2058'),('20061229095651','68112','18532830','8','30393','9588','2945','2267'),('20061229095652','69795','19455255','5','31283','9554','3017','2298'),('20061229095653','68629','19232649','13','30703','9657','3095','2264'),('20061229095654','69717','19394207','13','31658','9619','3091','2219'),('20061229095655','65135','17928373','10','28933','9337','2871','2212'),('20061229095656','68817','18696256','10','30394','9855','3009','2235'),('20061229095657','68211','18964004','18','30749','9792','2942','2265'),('20061229095658','69297','19155359','6','31343','9682','3060','2290'),('20061229095659','68630','19489293','12','30740','9488','2990','2131'),('20061229095700','46689','13044572','7','20803','6720','2085','1544'),('20061229095701','15394','4232939','0','6967','2139','663','506'),('20061229095702','67669','18921180','5','30297','9564','2942','2097'),('20061229095703','68407','19250966','10','30780','9455','2923','2204'),('20061229095704','68433','19222131','9','30292','9825','2898','2273'),('20061229095705','68157','18977935','14','29836','9996','2842','2251'),('20061229095706','67875','18818797','18','30175','9603','2917','2193'),('20061229095707','58445','16560964','10','26008','7931','2511','1974'),('20061229095708','60375','16538016','28','26284','8858','2603','1960'),('20061229095709','69518','19372386','17','30287','10107','2902','2366'),('20061229095710','67310','18871092','56','29226','9603','2831','2237'),('20061229095711','68747','19713398','28','30514','9517','2869','2262'),('20061229095712','69434','20272323','35','31430','9682','3019','2235'),('20061229095713','69841','20319768','33','31403','9246','2997','2319'),('20061229095714','69137','19538072','32','30407','10339','2809','2251'),('20061229095715','50059','13761041','21','21543','7831','1991','1815'),('20061229095716','43834','15499825','37','17783','5701','1720','1374'),('20061229095717','88644','40527980','53','30655','9943','2898','2261'),('20061229095718','80674','32721525','61','30012','9954','2879','2192'),('20061229095719','87822','40406695','63','30229','9331','2898','2238'),('20061229095720','76689','32136438','68','28248','9047','2670','2026'),('20061229095721','84857','38397747','73','29607','9366','2815','2136'),('20061229095722','81766','34838878','68','29812','9272','2830','2128'),('20061229095723','76239','33916380','58','26974','8597','2510','1967'),('20061229095724','82606','35428530','84','29172','9854','2888','2182');
/*!40000 ALTER TABLE `feature` ENABLE KEYS */;
UNLOCK TABLES;

--
-- Table structure for table `packetdistribution`
--

DROP TABLE IF EXISTS `packetdistribution`;
/*!40101 SET @saved_cs_client     = @@character_set_client */;
/*!40101 SET character_set_client = utf8 */;
CREATE TABLE `packetdistribution` (
  `time` varchar(25) NOT NULL DEFAULT '',
  `size_40` mediumtext,
  `size_41` mediumtext,
  `size_54` mediumtext,
  `size_55` mediumtext,
  `size_61` mediumtext,
  `size_101` mediumtext,
  `size_257` mediumtext,
  `size_513` mediumtext,
  `size_1025` mediumtext,
  `size_1500` mediumtext,
  PRIMARY KEY (`time`)
) ENGINE=InnoDB DEFAULT CHARSET=latin1;
/*!40101 SET character_set_client = @saved_cs_client */;

--
-- Dumping data for table `packetdistribution`
--

LOCK TABLES `packetdistribution` WRITE;
/*!40000 ALTER TABLE `packetdistribution` DISABLE KEYS */;
INSERT INTO `packetdistribution` VALUES ('20061229095559','0','7057','25','809','3511','2340','1504','521','1470','570'),('20061229095600','0','26319','131','3390','13081','9145','5745','2111','5218','1946'),('20061229095601','0','9905','50','1263','5074','3472','2271','818','2138','824'),('20061229095602','0','26547','140','3520','13295','9125','6264','2088','5751','2128'),('20061229095603','0','26941','125','3492','13695','9320','5982','2206','6282','2137'),('20061229095604','0','27429','127','3582','13805','9399','6130','2311','5885','2115'),('20061229095605','0','26950','96','3640','13351','9060','5889','2291','5634','2011'),('20061229095606','0','27264','148','3500','13725','9585','6083','2316','5846','2088'),('20061229095607','0','26486','152','3539','13599','9193','6292','2213','5980','2158'),('20061229095608','0','26185','168','3433','13457','9176','6003','2214','5924','1963'),('20061229095609','0','26262','157','3437','13521','9100','6011','2230','5960','1933'),('20061229095610','0','25910','115','3508','13406','8861','5729','2095','5564','1799'),('20061229095611','0','26719','129','3581','13752','9149','5950','2307','5880','1918'),('20061229095612','0','26546','126','3749','13333','9427','6174','2179','5600','1949'),('20061229095613','0','27004','143','3608','13461','9186','5933','2474','5863','2030'),('20061229095614','0','26256','138','3615','13714','9330','6179','2116','5357','1806'),('20061229095615','0','26105','109','3330','13028','9120','5852','2085','5480','1943'),('20061229095616','0','27003','141','3365','13802','9621','5929','2258','5653','1880'),('20061229095617','0','19108','107','2469','10078','6666','4149','1703','4281','1248'),('20061229095618','0','26821','129','3387','13334','9465','6045','2132','5910','1843'),('20061229095619','0','27089','127','3322','13642','9186','6054','2171','5636','1805'),('20061229095620','0','26461','131','3404','13325','8951','5753','2112','5670','1846'),('20061229095621','0','26465','123','3512','13436','9260','5943','2189','5948','1948'),('20061229095622','0','27390','128','3802','13948','9254','5953','2305','5704','1913'),('20061229095623','0','26715','113','3431','13624','9265','5926','2039','5853','2132'),('20061229095624','0','26852','133','3244','13648','9347','5911','2134','5621','2144'),('20061229095625','0','24573','114','3225','12820','8641','5633','2008','5535','1759'),('20061229095626','0','27235','140','3444','13664','9548','5937','2201','5871','1878'),('20061229095627','0','27337','150','3512','13714','9685','6087','2417','6029','1862'),('20061229095628','0','27085','135','3408','13705','9401','5951','2596','5565','1844'),('20061229095629','0','27045','148','3463','13833','9381','6180','2581','5753','1752'),('20061229095630','0','25395','114','3291','12721','8940','5649','2023','5490','1778'),('20061229095631','0','27137','132','3573','13744','9460','6143','2072','5844','1895'),('20061229095632','0','26888','144','3532','13630','9353','6270','1973','5527','1722'),('20061229095633','0','26569','127','3342','13470','9244','6082','2120','5581','1882'),('20061229095634','0','26725','133','3402','13926','9354','6140','2117','5909','1798'),('20061229095635','0','25220','107','3106','13011','8721','5745','2020','5418','1664'),('20061229095636','0','26470','143','3501','13955','9406','6343','2079','5663','1768'),('20061229095637','0','26776','118','3462','13718','9412','6313','2118','5972','1712'),('20061229095638','0','25508','132','3194','12862','8944','6090','1985','5617','1802'),('20061229095639','0','26338','123','3328','13656','9374','6145','2083','5911','1793'),('20061229095640','0','25732','111','3308','13315','9029','5903','1986','5386','1799'),('20061229095641','0','26445','136','3322','13519','9251','6103','2091','5697','1761'),('20061229095642','0','18610','80','2407','9791','6775','4403','1553','3921','1290'),('20061229095643','0','26171','137','3330','13611','9249','5989','2170','5381','1741'),('20061229095644','0','26313','134','3257','13348','9304','6063','2310','5478','1686'),('20061229095645','0','19141','100','2432','9665','6808','4358','1532','4164','1268'),('20061229095646','0','26319','135','3354','13313','9227','6172','2176','5307','1703'),('20061229095647','0','26919','161','3342','13595','9264','6051','2181','5458','2005'),('20061229095648','0','26774','132','3333','13446','9455','6211','2114','5457','1838'),('20061229095649','0','26666','112','3296','13765','9514','6143','2037','5807','1799'),('20061229095650','0','25461','126','3182','12816','8960','5889','1985','5267','1712'),('20061229095651','0','26546','125','3399','13472','9390','5890','2145','5361','1784'),('20061229095652','0','26904','111','3379','13942','9633','6042','2116','5851','1817'),('20061229095653','0','26581','134','3294','13735','9242','5980','1985','5744','1934'),('20061229095654','0','26397','151','3285','13951','10015','6224','2147','5637','1910'),('20061229095655','0','25353','105','2999','12848','9116','5799','1934','5267','1714'),('20061229095656','0','26837','126','3433','13477','9590','6139','1988','5409','1818'),('20061229095657','0','26430','135','3288','13460','9438','6040','1995','5470','1955'),('20061229095658','0','26730','167','3280','13893','9605','6057','2053','5559','1953'),('20061229095659','0','26026','134','3286','13692','9555','6025','2162','5809','1941'),('20061229095700','0','18015','77','2363','9073','6347','4193','1623','3608','1390'),('20061229095701','0','5970','28','685','3110','2121','1407','462','1209','402'),('20061229095702','0','26019','131','3281','13295','9251','6253','2120','5476','1843'),('20061229095703','0','25943','107','3384','13631','9448','6192','2209','5671','1822'),('20061229095704','0','26405','115','3458','13321','9231','6236','2101','5743','1823'),('20061229095705','0','26474','126','3314','13390','9212','6162','2053','5626','1800'),('20061229095706','0','26274','132','3469','12991','9392','6252','2065','5496','1804'),('20061229095707','0','22044','98','3083','11556','8135','5162','1715','4915','1737'),('20061229095708','0','23362','117','2892','11926','8403','5565','1759','4800','1551'),('20061229095709','0','26896','129','3351','13647','9544','6117','2116','5991','1727'),('20061229095710','0','25671','106','3399','13203','9138','6186','2192','5636','1779'),('20061229095711','0','26061','135','3512','13482','9413','6100','2084','5508','2452'),('20061229095712','0','26276','148','3581','13478','9491','6111','2047','5530','2772'),('20061229095713','0','26159','130','3481','13829','9652','6154','2173','5540','2723'),('20061229095714','0','26787','107','3407','13553','9400','6053','2069','5505','2256'),('20061229095715','0','19725','110','2511','9723','6691','4404','1493','4041','1361'),('20061229095716','0','15578','77','1982','7718','5326','3317','1262','7420','1154'),('20061229095717','0','26401','126','3404','13614','9305','6017','2350','25466','1961'),('20061229095718','0','26240','171','3224','13348','9068','6130','2192','18415','1886'),('20061229095719','0','25786','155','3544','13468','9240','5794','2244','25706','1885'),('20061229095720','0','24278','133','3193','12513','8576','5492','2192','18491','1821'),('20061229095721','0','25121','170','3513','13248','8962','5911','2153','23846','1933'),('20061229095722','0','25278','145','3371','13371','9080','6017','2124','20500','1880'),('20061229095723','0','23153','102','3004','12119','8115','5340','1936','20824','1646'),('20061229095724','0','25628','141','3502','13406','8993','5717','2062','21547','1610');
/*!40000 ALTER TABLE `packetdistribution` ENABLE KEYS */;
UNLOCK TABLES;

--
-- Table structure for table `portdistribution`
--

DROP TABLE IF EXISTS `portdistribution`;
/*!40101 SET @saved_cs_client     = @@character_set_client */;
/*!40101 SET character_set_client = utf8 */;
CREATE TABLE `portdistribution` (
  `time` varchar(25) NOT NULL DEFAULT '',
  `ftp_21` mediumtext,
  `telnet_23` mediumtext,
  `http_80` mediumtext,
  `smtp_25` mediumtext,
  `pop3_110` mediumtext,
  `elseport` mediumtext,
  PRIMARY KEY (`time`)
) ENGINE=InnoDB DEFAULT CHARSET=latin1;
/*!40101 SET character_set_client = @saved_cs_client */;

--
-- Dumping data for table `portdistribution`
--

LOCK TABLES `portdistribution` WRITE;
/*!40000 ALTER TABLE `portdistribution` DISABLE KEYS */;
INSERT INTO `portdistribution` VALUES ('20141119121245','1000','1500','2000','3000','1400','1300'),('20141119121246','1500','1250','1300','980','1200','1400'),('20141119121247','1450','1025','1230','983','1230','1240'),('20141119121248','1250','1000','1130','1083','12930','1140');
/*!40000 ALTER TABLE `portdistribution` ENABLE KEYS */;
UNLOCK TABLES;
/*!40103 SET TIME_ZONE=@OLD_TIME_ZONE */;

/*!40101 SET SQL_MODE=@OLD_SQL_MODE */;
/*!40014 SET FOREIGN_KEY_CHECKS=@OLD_FOREIGN_KEY_CHECKS */;
/*!40014 SET UNIQUE_CHECKS=@OLD_UNIQUE_CHECKS */;
/*!40101 SET CHARACTER_SET_CLIENT=@OLD_CHARACTER_SET_CLIENT */;
/*!40101 SET CHARACTER_SET_RESULTS=@OLD_CHARACTER_SET_RESULTS */;
/*!40101 SET COLLATION_CONNECTION=@OLD_COLLATION_CONNECTION */;
/*!40111 SET SQL_NOTES=@OLD_SQL_NOTES */;

-- Dump completed on 2014-11-23 18:04:34
